IAB ID,COMPANY NAME,RATING,RATING BY USER,RATING STATUS,ESTABLISH YEAR,5 YEARS PERIOD,OFFICE ADDRESS,DIVISION,THANA,POST CODE,GOOGLE MAP NUMBER,EMAIL ID,CONTACT,WEBSITE,WEBSITE STATUS,NAME OF PROPRIETOR/ PARTNER/ DIRECTOR,LAB ID,DESIGNATION,IAB MEMBER ARCHITECT,ARCHITECTURAL GRADUATE,TOTAL
IAB-RP-A01,ABASHAN UPODESHTA LIMITED,,,Unavailable,1996,1996-2000,"Bengal Centre, Plot 2, Civil Aviation, New Airport Road, Khilkhet, Dhaka-1229",Dhaka,Khilkhet,Dhaka-1229,"23.85333808648471, 90.40449875167143",mail@abashan.com,"+88-02-8901185, 8901180",www.abashan.com,Available,Ar. Luva Nahid Chowdhury ,C-018,Managing Director,3,2,5
IAB-RP-A02,ADS ARCHITECTS DESIGN STUDIO,,,Unavailable,2005,2005-2009,"House#29-31, Road#18, Sector#7, Uttara , Dhaka 1230",Dhaka,Uttara,Dhaka-1230,"23.871023478385503, 90.3943322481529",ads.architectstudio@gmail.com,+88-02-8950536,,Unavailable,Ar. Md. Sayedul Hasan ,H-103,Principal Architect,4,1,5
IAB-RP-A03,AKRITY,,,Unavailable,2008,2008-2012,"House-10/GA (GF), Road-2, Shyamoli, Dhaka",Dhaka,Shyamoli,,"23.813134088776504, 90.37087117051954","akriti.si@gmail.com,",+88-02-9111557,www.akritybd.com,Available,Ar. Monir Hossain Khan ,K-104,Architect,1,7,8
IAB-RP-A04,ANWAR & ASSOCIATES,,,Unavailable,2006,2006-2010,"House #221(GF), Road -15, New DOHS, Mohakhali, Dhaka 1206.",Dhaka,Mohakhali,Dhaka-1206,"23.832308755330327, 90.38934979671399",ahaq06@yahoo.com,+88-02-8837313,,Unavailable,Ar. Anwarul Haq Chow ,C-021,Principal Architect,1,3,4
IAB-RP-A05,ARC ARCHITECTURAL CONSULTANTS,,,Unavailable,1982,1982-1986,"60A, Road 7A, Dhanmondi, Dhaka-1209",Dhaka,Dhanmondi,Dhaka-1209,"23.743525617517214, 90.37340079640694","arc.architect@gmail.com, nahaskhalil@yahoo.com",+88-02-8117462,,Unavailable,Ar. Nahas Ahmed khalil ,K-022,Principal Architect,5,3,8
IAB-RP-A06,ARCHDOERS,,,Unavailable,2012,2012-2016,"H#252,R#19(old),West Dhanmondi,Dhaka-1209",Dhaka,Dhanmondi,Dhaka-1209,"23.743935985312966, 90.36695584924296",archdoers@gmail.com,"01816506988, 01816506989",,Unavailable,Ar. Quazi Fahima Naz ,N-024,Partner Architect,3,2,5
IAB-RP-A07,ARCHEGROUND LTD.,4.8,28,Available,2012,2012-2016,"“NoorMahal”, 44/1, Lake-Circus, Kalabagan, Dhaka-1205",Dhaka,Kalabagan,Dhaka-1205,"23.751242062843126, 90.38155831174859","studio@archeground.com, arche_ground@yahoo.com",+88-02-9138516,www.archeground.com,Available,Ar. Nabi Newaz Khan ,K-106,Chairman,6,3,9
IAB-RP-A08,ARCHFIELD,,,Unavailable,2010,2010-2014,"32/D, Road-10, Banani",Dhaka,Banani,,"23.792349338733317, 90.40627271174593",archfield2010@gmail.com,"01713338002, 01819117710",,Unavailable,Ar. Syeda Nitee Mahbub ,M-090,Partner,4,1,5
IAB-RP-A09,ARCHITECT HASAN & ASSOCIATES LTD.,,,Unavailable,1998,1998-2002,"House# 1/4,Flat# C4,Block# C, Lalmatia, Dhaka-1207",Dhaka,Lalmatia,Dhaka-1207,"23.756301367152435, 90.37178372115497",cmfoundation@gmail.com,+88-02-8125830,,Unavailable,Ar. Md. Hasan Shams Uddin ,S-014,Managing Director,1,5,6
IAB-RP-A10,ARCHITECTES CONTEMPORAIN ARCON,,,Unavailable,1996,1996-2000,"House-2/8, Block-E, Lalmatia, Dhaka",Dhaka,Lalmatia,,"23.755261514347588, 90.36625842524258",sazal953@gmail.com,"044-78004350, 044-78004353",,Unavailable,Ar. S.M. Helaluddin Ahmed ,A-101,Proprietor,3,1,4
IAB-RP-A11,ARCHIWORKS CONSULTANTS,,,Unavailable,2009,2009-2013,"House-48, Road-02, Block-B, Niketan, Gulshan 01, Dhaka-1212",Dhaka,Gulshan 01,Dhaka-1212,"23.774645019683902, 90.41242649456005",archiworks.bd@hotmail.com,,www.archiworks.bd.wix.com/Home,Available,Ar. Mohammad Arefeen Ibrahim ,I-047,Proprietor,4,2,6
IAB-RP-A12,ARCHSEL,,,Unavailable,1997,1997-2001,"34/KA, Shyamoli Pisiculture H/S, Dhaka-1207",Dhaka,Shyamoli,Dhaka-1207,"23.779085974110853, 90.39517022524306",mail@archsel.com,"+88-02-8124698, 8116617",www.archsel.com,Available,Ar. Imtiaz Farid Chowdhury,C-036,Chief Architect,2,6,8
IAB-RP-A13,ARESCON CONSULTANT,,,Unavailable,2004,2004-2008,"137-Jahanara Garden, 5th Floor, E-4, Green Road, Dhaka-1205",Dhaka,Green Road,Dhaka-1205,"23.75501685042264, 90.38769277714127",arescon@gmail.com,+88-02-8151121,,Unavailable,Ar. Md. Helal Uddin ,U-006,CEO/Proprietor,1,4,5
IAB-RP-A14,ARTISAN ARCHITECTS ENGINEERS & DEVELOPMENTS LTD.,4.9,10,Available,2000,2000-2004,"56/A, DOHS Road, Old DOHS, Banani, Dhaka-1206",Dhaka,Banani,Dhaka-1206,"23.796525846174102, 90.37345939456056",info@artisanbd.com,"+88-02-8813992, 9889360",www.artisanbd.com,Available,Ar. Sayeed Parvez Reza Latif ,L-007,Managing Director,1,5,6
IAB-RP-A15,ARTYSPACE DESIGN STUDIO,4.9,31,Available,2010,2010-2014,"Azad Bhaban (7th Floor), 79/A, Jamal Khan Road, Chittagong, Bangladesh",Chittagong,Jamal Khan Road,,"1.3150165928822561, 103.89845276735583",artyspace.designstudio@gmail.com,+88-031-2867388,,Unavailable,Ar. Ananya Bikash Barua ,B-040,Chief Architect,1,4,5
IAB-RP-A16,AHMED HOSSAIN ARCHITECTS AND ASSOCIATES,4,4,Available,2009,2009-2013,"House-10, 2nd Floor, Road-03, Sector-05, Uttara, Dhaka 1230.",Dhaka,Uttara,Dhaka-1230,"23.867647162166456, 90.39184862524503","ahaaabd17@gmail.com, ashraf303@yahoo.com","+88016179672992, +8801727672992",,Unavailable,Ar. Ashraful Alam Ahmed ,A-182,Principal Architect,3,3,5
IAB-RP-A17,ALIGN ARCHITECTS,,,Unavailable,2010,2010-2014,"House-14, Road-14, 1/Kha, Sugandha, Panchlish, Chittagong.",Chittagong,Panchlish,,"22.358441680544814, 91.82229479637778",hossan_0047@yahioo.com,+8801737280617,http//aligngroupbd.com/webmail,Available,Ar. Hossan Murad ,M-084,CEO & Proprietor,2,2,4
IAB-RP-A18,ARC.IN.D,,,Unavailable,1996,1996-2000,"25, Gulshan Avenue, Taj Casilina (5th Floor), 6/E, Gulshan-1, Dhaka-1212",Dhaka,Gulshan-1,Dhaka-1212,"23.77783393249968, 90.4163307620297",arcindexind@gmail.com,+88-02-9890855,,Unavailable,Ar. Nusrat Jahan ,J-016,Managing Director,1,0,1
IAB-RP-A19,ARCH.PMC,,,Unavailable,2018,2018-2022,"Plot-22, Road-12, Block-F, Niketan, Gulshan-1, Dhaka-1212",Dhaka,Gulshan-1,Dhaka-1212,"23.79268003805747, 90.40831428291412","masiarchitect@gmail.com, arch.pmc.bd@gmail.com",+8801799586501,www.archpmc.com,Available,Ar. Mohammad Sajjadul Islam ,I-075,Principal Architect & CEO,1,0,1
IAB-RP-A20,ARCHIAAN ARCHITECTS,5,3,Available,2014,2014-2018,"14, KA, Ring Road, Khan Plaza, 3rd Floor, Shamoly, Dhaka",Dhaka,Shamoly,,"23.814273432413767, 90.35672785223167",archiaan07@gmail.com,+8801679224304,,Unavailable,Ar. Shohel Ahamed ,A-180,Managing Partner,1,0,1
IAB-RP-A21,ARCHINET ARCHITECTS & ENGINEERS,,,Unavailable,2010,2010-2014,"House-33, Road-04, Dhanmondi, Dhaka-1205",Dhaka,Dhanmondi,Dhaka-1205,"23.77639982525081, 90.41408996757235",archinet2008@gmail.com,+8801712228469,,Unavailable,Ar. Iftekhar Ahmed ,A-143,Principal Architect & CEO,3,0,3
IAB-RP-A22,ARCHITEKTON PVT. LTD.,4.5,6,Available,1995,1995-1999,"House-28, Road-28, Block-K, Banani, Dhaka-1213",Dhaka,Banani,Dhaka-1213,"23.7956451984064, 90.40900875407887","architekton_bd@yahoo.com, minhas.rahman@architekton.com.bd","+88-02-9862930, +8801711520963",,Unavailable,Ar. Minhasur Rahman ,R-044,Managing Director,2,5,7
IAB-RP-A23,ARCHSTUDIO,,,Unavailable,2018,2018-2022,"151, West Dhanmondi, Dhaka-1209",Dhaka,Dhanmondi,Dhaka-1209,"23.745814010231285, 90.3668077641571",samabegum@gmail.com,+8801716897632,,Unavailable,Ar. Salma Begum ,B-044,Architect,3,0,3
IAB-RP-A24,ARCHYTAS LIMITED,4.8,4,Available,2014,2014-2018,"Road-36, House-16, Gulshan-2, Dhaka 1212.",Dhaka,Gulshan-2,Dhaka-1212,"23.78906141084457, 90.4154915559262",archytas.s@gmail.com,+8801911386561,www.archytasltd.com,Available,Ar. Zahidul Hoque Shaikot ,S-135,Managing Director,1,0,1
IAB-RP-A25,ARQUITECTURA DESIGN STUDIO,,,Unavailable,2015,2015-2019,"Lake Palisade, House 23, Level 02, Road 27, Dhanmondi, Dhaka 1209",Dhaka,Dhanmondi,Dhaka-1209,"23.75454363620038, 90.3724000829132",faiahsa@gmail.com,+880241021810,,Unavailable,Ar. Fariha Sharmeen Akbar ,A-198,Proprietor,4,2,6
IAB-RP-A26,ARQUITECTURA PVT. LTD.,5,10,Available,2017,2017-2021,"Lake Palisade, House 23, Level 02, Road 27, Dhanmondi, Dhaka 1209",Dhaka,Dhanmondi,Dhaka-1209,"23.75454363620038, 90.3724000829133",mail@arquitecturabd.com,+880241021810,www.arquitecturabd.com,Available,Ar. Fariha Sharmeen Akbar ,A-198,Chairman,6,2,8
IAB-RP-A27,AYOTEEK,4.5,10,Available,2016,2016-2020,"House-B 115, 4th Floor, Lane-7,DOHS, Mohakhali, Dhaka 1206",Dhaka,Mohakhali,Dhaka-1206,"23.78197362423155, 90.39623815223096","kasif@ayoteek.com, ayoteek@gmail.com","+88-02-9882689, +8801712511535",www.ayoteek.com,Available,Ar. Muhammed Kasif Hasnaen ,H-172,Managing Partner,2,3,5
IAB-RP-A28,ARCHITECTURE TOMORROW,5,3,Available,2013,2013-2017,"House-730 (Ground Floor), Road-10, Avenue-3/4, DOHS, Mirpur, Dhaka",Dhaka,Mirpur,,"23.838260277089525, 90.36853879640903",zaman_arch1122@yahoo.com,"+88-02-8080884, +8801716526915",www.architecturetomorrow.com,Available,Ar. Mohammad Saifuzzaman ,S-111,Principal Architect & Managing Director,2,2,4
IAB-RP-A29,ARESCON CONSULTANT,,,Unavailable,2004,2004-2008,"137, Jahanara Garden, Green Road, 5th Floor, Dhaka-1205",Dhaka,Green Road,Dhaka-1205,"23.75524287496768, 90.3885731344882","helal201@hotmail.com, arescon1984@gmail.com","+88-02-8151121, +8801713037260",,Unavailable,Ar. Md. Helal Uddin ,U-006,Principal Architect,2,1,3
IAB-RP-A30,ARCHITECTS’ HORIZON,5,7,Available,2017,2017-2021,"House-05, Road-14, Nikunja2, Khilkhat, Dhaka-1229",Dhaka,Khilkhet,Dhaka-1229,"24.169769640348704, 90.38022110541769",biplob.azone@gmail.com,"+88-02-55098138, +8801755599208",www.architectshorizon.com,Available,Ar. Biplob Kumar Mondal ,M-116,Founder & Lead Architect,3,0,3
IAB-RP-A31,ASSOCONSULT LTD.,,,Unavailable,1985,1985-1989,"849/3, Begum Rokeya Sharani, 2nd Floor, Shewrapara, Mirpur, Dhaka-1216",Dhaka,Mirpur,Dhaka-1216,"23.78999876075595, 90.37621296572507",assoconbangla@yahoo.com,"+88-02-9004662, +88-02-9004663", ,Unavailable,Ar. Mubasshar Hussain ,H-013,Managing Director,2,0,2
IAB-RP-A32,AURITRO ARCHITECTS,,,Unavailable,2014,2014-2018,"House-60/A, Road-7/A, Dhanmondi R/A, Dhaka-1209",Dhaka,Dhanmondi,Dhaka-1209,"23.755718880118778, 90.37016631929831",aupee0061@gmail.com,+88 01815258257,,Unavailable,Ar. Mohammad Mahbub Hossain ,H-149,Managing Partner,4,0,4
IAB-RP-A33,ARCHITECTS & ASSOCIATES LTD,,,Unavailable,1999,1999-2003,"Plot no-NEO/16, Block-C, Holding no-730, Khilgaon, Dhaka",Dhaka,Khilgaon,,"23.755718880118778, 90.37016631929832",arch@aaaltd.com.bd,"+88 01758742536, +88 02-47215613",,Unavailable,Ar. Mahbubul Hasan ,H-209,Principal Architect,0,0,0
IAB-RP-A34,ARCHIWORKS CONSULTANTS,,,Unavailable,2009,2009-2013,"House-48, Road-02, Block-B, 1st Floor, Niketan R/A, Gulshan-1, Dhaka-1212",Dhaka, Gulshan-1,Dhaka-1212,"23.77468429314631, 90.41246940990152",archiworks.bd@hotmail.com,+88 01715035772, archiworksbd.wixsite.com/home,Available,Ar. M. Arefeen Ibrahim ,I-047,Principal Architect,0,0,0
IAB-RP-A35,ANGON ARCHITECTS,,,Unavailable,2017,2017-2021,"House-60/A, Road-7/A, Dhanmondi, Dhaka-1216",Dhaka,Dhanmondi,Dhaka-1216,"23.745731113192292, 90.37626362524238",emun97@gmail.com,+88 01711829295,,Unavailable,Ar. Md. Momanul Islam Emun ,E-008,Principal Architect,3,0,3
IAB-RP-A36,ARC ANGON CONSORTIUM,,,Unavailable,2017,2017-2021,"House-60/A, Road-7/A, Dhanmondi, Dhaka-1216",Dhaka,Dhanmondi,Dhaka-1216,"23.745731113192292, 90.37626362524239",emun97@gmail.com,+88 01711829295,,Unavailable,Ar. Nahas Ahmed Khalil ,K-022,Partner,4,0,4
IAB-RP-B01,BASATIKALPA,,,Unavailable,1988,1988-1992,"70/1 Naya Paltan, VIP Road, Dhaka‐1000",Dhaka,Naya Paltan,Dhaka-1000,"23.736195897780554, 90.41432671174825","asfar@global‐bd.net,",+88‐02‐7252314,www.basatikalpa.com,Available,Ar. Asfarul Islam ,I‐020,Proprietor,1,6,7
IAB-RP-B02,BESTEC INFOTECH,,,Unavailable,2013,2013-2017,"House‐02, Road‐14/A, Sector‐4, Uttara Model Town, Dhaka‐1230",Dhaka,Uttara,Dhaka-1230,"23.86539522034846, 90.40127980990351",tariqul@bestecgroup.com,09611689575‐6,,Unavailable,Ar. Tariqul Islam ,I‐028,Proprietor,5,15,20
IAB-RP-B03,BINYASH,4.6,37,Available,2005,2005-2009,"House‐480, Road‐32, New DOHS, Mohakhali, Dhaka‐1206",Dhaka,Mohakhali,Dhaka-1206,"23.778909520345216, 90.39492679825526",rahat.niaz@gmail.com,+88‐02‐8715368,www.binyashltd.com,Available,Ar. Rahat Mujib Niaz ,N‐029,Principal Architect,7,9,16
IAB-RP-B04,BKS & ASSOCIATES,,,Unavailable,2008,2008-2012,"House‐07, Road‐05, Apt‐5B, Block‐I, Banani, Dkaka‐1213",Dhaka,Banani,Dkaka‐1213,"23.846122584435285, 90.38695899685106",marathon_architects@yahoo.com,+88‐02‐9677467,www.bksandassociates.com,Available,Ar. Bidhan Kumar Saha ,S‐062,Proprietor,2,3,5
IAB-RP-B05,BABUIBASHA: A SUSTAINABLE ARCHITECTURE.,,,Unavailable,2013,2013-2017,"The Emporium, D‐05, 14/1, Mirpur Road, Shyamoli, Dhaka‐1207",Dhaka,Shyamoli,Dhaka‐1207,"23.77541598163478, 90.36474008106623",babuibasha@gmail.com,"+8801711593658, +8801713453239",,Unavailable,Ar. Ruksana Sultana ,S‐155,Principal,2,2,4
IAB-RP- B06,37 BRIDGE,,,Unavailable,2009,2009-2013,"138, Darus Salam, Mirpur, Dhaka",Dhaka,Mirpur,,"23.786205611175873, 90.35390551174935",contact@37bridge.net,+88‐02‐8051994,www.37bridge.net,Available,Ar. Faysal Kabir ,K‐108,Principal Architect,2,2,4
IAB-RP- B07,BASHA BARI LTD.,4.2,6,Available,2012,2012-2016,"3rd Floor, 332, Elephant Road, Dhaka‐1205",Dhaka,Elephant Road,Dhaka-1205,"23.737043815123176, 90.38699741174827",bashabari.architects@gmail.com,+88‐01711534290, ,Unavailable,Ar. Dr. Prof. Nizamuddin Ahmed ,A‐040,Managing Director,2,1,3
IAB-RP-C01,CAD LTD,4.8,10,Available,1986,1986-1990,"CWN (B), 18/B, Road‐44, Gulshan‐2, Dhaka‐1212",Dhaka,Gulshan-2,Dhaka-1212,"23.791881537186985, 90.41358423873726","cadinan@gmail.com, cadsayeda@gmail.com",+8801671119933,,Unavailable,Ar. B.K.S. Inan ,I‐015,Managing Director,7,0,7
IAB-RP-C02,COCREATE STUDIO,,,Unavailable,2018,2018-2022,"65, Suvastu Imam Square, 5th Floor, Gulshan Avenue, Gulshan‐1, Dhaka‐1212",Dhaka,Gulshan-1,Dhaka-1212,"23.783622379479095, 90.41653600990173",cocreate@suvastu.com.bd,+8801819272915,,Unavailable,Ar. Nazmul Haque Khan ,K‐056,Managing Partner,1,0,1
IAB-RP-C03,CUBEINSIDE DESIGN LTD.,4.7,69,Available,2009,2009-2013,"House‐5B, Road‐05, Block‐I, Banani, Dhaka‐1213",Dhaka,Banani,Dhaka-1213,"23.792998886406906, 90.40389405407876",cubeinside@gmail.com,+88‐02‐9870193,www.cubeinsidebd.com,Available,Ar. Khandaker Ashifuzzaman ,A‐194,Managing Director,7,3,10
IAB-RP-D01,DESH UPODESH LTD,4,3,Available,1978,1978-1982,"House 80/C (4th floor), Block‐D, Asad Avenue, Mohammadpur, Dhaka‐1207",Dhaka,Mohammadpur,Dhaka-1207,"23.792959618476765, 90.40389405407876","munirullah@gmail.com, alfaz.hossain1@gmail.com","+88‐02‐8117694, 9137154",www.deshupodesh.com,Available,Ar. Munirul Haque ,H‐011,Managing Director,2,17,19
IAB-RP-D02,DESIGN CELL,4.7,17,Available,1997,1997-2001,"75 Indera Road, Metro Garden, Ground Floor, Flat‐GC, Dhaka‐1215",Dhaka,Tejgaoan,Dhaka-1215,"23.756788830970873, 90.38445505592547",designcell.cell@gmail.com,+88‐02‐ 8150612,,Unavailable,Ar. Arif Hasan ,H‐136,CEO,1,3,4
IAB-RP-D03,DESIGN ENGINEERS & ARCHITECTS,,,Unavailable,1992,1992-1996,"House‐14, Road‐9, Sector‐4, Uttara",Dhaka,Uttara,,"23.865518966198803, 90.3984257099035",tjl_slm@yahoo.com,+88‐02‐9886055,,Unavailable,Ar. Tajul Islam ,I‐019,Managing Director,2,7,9
IAB-RP-D04,DESIGN VISION ASSOCIATES LTD,4.2,19,Available,1998,1998-2002,"AAA Tower, Plot‐80, Block‐J, baridhara pragati Sharani, Dhaka‐1212",Dhaka,Baridhara,Dhaka-1212,"23.803935431262587, 90.4235677633167",info@designvision.com.bd,"+88‐02‐9895183, 8834353",www.designvision.com.bd,Available,Ar. Alamgir Jalil ,J‐014,Managing Director,7,5,12
IAB-RP-D05,DOMUS,4.4,27,Available,1977,1977-1981,"Safura Tower(level 14), 20 Kamal Atartuk Avenue,Banani C/A, Banani ,Dhaka 1213",Dhaka,Banani,Dhaka-1213,"23.794008767653033, 90.40404226757269","domus@accesstel.net , domusdesk@gmail.com","+88‐02‐8822629,9820968,9820969,9889418",www.domusbdarchitects.com,Available,Ar. Mustafa Ameen ,A‐010,Proprietor,6,12,18
IAB-RP-D06,DCON DESIGN STUDIO,4.8,52,Available,2005,2005-2009,"6/10, 1st Floor, Lalmatia, Block‐A, Dhaka",Dhaka,Lalmatia,,"23.76280722185612, 90.37118086757202","dcon.design@gmail.com, faisal2395@hotmail.com",+8801711614551,,Unavailable,Ar. Abu Anas Faisal ,F‐012,Partner,3,3,6
IAB-RP-D07,DEHSAR WORKS,4.7,14,Available,2015,2015-2019,"Apt‐LV8, House‐10, Road‐6/A, Dhanmondi R/A, Dhaka‐1209",Dhaka,Dhanmondi,Dhaka-1209,"23.789179287326867, 90.40234008476152",rashed@dehsarworks.com,+8801818064118,www.dehsarworks.com,Available,Ar. Rashed Hassan Chowdhury ,C‐069,Principal Architect,4,5,9
IAB-RP-D08,DIAGONAL ARCHITECTS,,,Unavailable,2014,2014-2018,"Flat‐A‐14, (14th Floor), Building‐12, Bashati Provati, Ring Road, Shyamoli, Dhaka‐1207.",Dhaka,Shyamoli,Dhaka-1207,"23.774759501100597, 90.36370924058443",fairoze@diagonalarchitects‐bd.com,"+88‐02‐9126473, +8801766490119",www.diagonalarchitects‐bd.com,Available,Ar. Fairoze Shamim ,S‐067,CEO & Principal Architect,1,2,3
IAB-RP-D09,DOT ARCHITECTS,,,Unavailable,2014,2014-2018,"House‐40, Road‐12, Block‐Kha, PC Culture Housing Society, Mohammadpur, Dhaka‐1207",Dhaka,Mohammadpur,Dhaka-1207,"23.759442834022725, 90.35956362334555",Dot.architects@hotmail.com,"+8801612880595, +8801965370464",,Unavailable,Ar. Sudeshna Shireen Chowdhury ,C‐063,Partner Architect,3,1,4
IAB-RP-D10,DWG,4.9,16,Available,2008,2008-2012,"House‐56,Road‐27,Apt‐1 C1, Dhanmond R/A, Dhaka‐1209",Dhaka,Dhanmondi,Dhaka-1209,"23.75254879981986, 90.36825086941931",info@dwg‐office.com,"+88‐02‐9125596, +8801819287680",www.dwg‐office.com,Available,Ar. Naheed Farzana ,F‐010,Managing Partner,3,2,5
IAB-RP-D11,DA‐SEIN ARCHITECTS,5,3,Available,2004,2004-2008,"Unit 1/C/1, House 56, Road 27(old), 16 (new), Dhanmondi, Dhaka‐1209.",Dhaka,Dhanmondi,Dhaka-1209,"23.74852917829619, 90.37630323667729",shawon.dasein@gmail.com,"+88 01711937254, +88 02‐9125596", www.dasein‐bd.com,Available,Ar. Md Rashidur Rahman ,R‐134,Principal Architect,1,2,3
IAB-RP-D12,DWm4 ARCHITECTS,4,2,Available,1995,1995-1999,"236, Lake Road , New DOHS , Mohkhali , Dhaka ‐1206",Dhaka,Mohakhali,Dhaka-1206,"23.784099067294576, 90.39506884741367",,"+88 01712921323, +88 02‐9885564", www.dwm4.com,Available,Ar. Mamnoon M. Chowdhury ,C‐031,Architect & Partner,0,0,0
IAB-RP-D13,DWm4 INTRENDS LTD,,,Unavailable,2014,2014-2018,"236, Lake Road, New DOHS, Mohakhali, Dhaka‐1206",Dhaka,Mohakhali,Dhaka-1206,"23.782938328979718, 90.39324619640774",info@dwm4intrends.com,+88 02‐222280802, www.dwm4intrends.com,Available,Ar. Mamnoon M. Chowdhury ,C‐031,Chairman,0,0,0
IAB-RP-E01,ENVIRON STRUCTURE LTD.,,,Unavailable,1989,1989-1993,"86 Laboratory Road, Dhanmondi R/A, Dhaka‐1205",Dhaka,Dhanmondi,Dhaka-1205,"23.804356930370314, 90.4119519405851",esl_arch@yahoo.com,"+88‐02‐9660876, 9660851",,Unavailable,Ar. Moid Ul Ahsan ,A‐028,Managing Director,6,9,15
IAB-RP-E02,ECLIPTIC,4.8,9,Available,2009,2009-2013,"27/D, Monipuripara, Tejgaon, Dhaka‐1215",Dhaka,Tejgaoan,Dhaka-1215,"23.76055106743285, 90.38430448291338",eclipticbd@gmail.com,"+88‐02‐9145364, +8801819244544",,Unavailable,Ar. Tanwir Serajuddowla ,S‐075,Chairman & Principal Architect,3,2,5
IAB-RP-E03,EHSAN KHAN ARCHITECTS LTD.,5,1,Available,2010,2010-2014,"25, Gulshan Avenue, Taj Casilina (5th Floor), 6/E, Gulshan‐1, Dhaka‐1212",Dhaka,Gulshan-1,Dhaka-1212,"23.783514036335976, 90.41683756484132","ehsan@ekarchitects.com.bd, admin@ekarchitects.com.bd",+88‐02‐9890855,,Unavailable,Ar. Md. Ehsan Khan ,K‐047,Managing Director,10,3,13
IAB-RP-E04,ENVISION ARCHITECTS,,,Unavailable,1999,1999-2003,"6/2, Block‐B, 1st Floor, Lalmatia, Dhaka‐1207",Dhaka,Lalmatia,Dhaka-1207,"23.75824441327583, 90.36731657578993","qazimarif2012@gmail.com, principal@envision‐arch.org",+88‐02‐58151763,www.envision‐arch.org,Available,Ar. Qazi Muhammad Arif ,A‐059,Principal Architect,3,1,4
IAB-RP-F01,FOURTH DIMENSION,5,1,Available,2007,2007-2011,"House‐25/A, Road‐18, Sector‐3, Uttara Model Town, Dhaka‐1230",Dhaka,Uttara,Dhaka-1230,"23.86350604046308, 90.4006694150054",turjo_96inte@yahoo.com,"+88‐02‐7913394, 8957701",www.fourthdimensionbd.com,Available,Ar. A. F. M. Ashek Imran ,I‐061,Proprietor & Principal Architect,2,12,14
IAB-RP-F02,FALGUNI MALLICK & ASSOCIATES,,,Unavailable,2011,2011-2015,"Flat‐B2, House‐29&31, Road‐18, Sector‐7, Uttara, Dhaka‐1230",Dhaka,Uttara,Dhaka-1230,"23.869403070058432, 90.39427508106827","fma_architects@yahoo.com, fmallick74@gmail.com",+8801970112299,,Unavailable,Ar. Falguni Mallick ,M‐046,Principal Architect,2,4,6
IAB-RP-F03,FIALKA,,,Unavailable,1999,1999-2003,"Press Club Building, (2nd Floor), Jamal Khan Road, Chittagong.",Chittagong,Jamal Khan Road,,"24.350576362592662, 91.98836585109306",ashiq.fialka@gmail.com,"+88‐031‐618599, +88‐031‐2863269",,Unavailable,Ar. Ashiq Imran ,I‐044,Principal Architect,3,2,5
IAB-RP-G01,GKA & ASSOCIATES,,,Unavailable,2009,2009-2013,"5A, 5th Floor, House‐99, Road‐11/A, Dhanmondi R/A, Dhaka‐1209",Dhaka,Dhanmondi,Dhaka-1209,"23.751561526019206, 90.37437743279155",gakhan0306@yahoo.com,+88‐02‐8191082,www.gka‐bd.com,Available,Ar. Ghausul Alam Khan ,K‐027,CEO/Proprietor,1,4,5
IAB-RP-G02,GENESIS ARCHITECTS,5,1,Available,2017,2017-2021,"House‐F‐214/3, Uttar Chaya Bithy, Gazipur Sadar, Gazipur‐1700",Dhaka,Gazipur Sadar,Gazipur -1700,"24.000460809844686, 90.42714430990648",info@genesis.archi,+8801812807687,www.genesis.archi,Available,Ar. Noymul Haque Nohon ,N‐040,CEO,1,4,5
IAB-RP-G03,GRAVITY ARCHITECTURE STUDIO,4.7,13,Available,2017,2017-2021,"House 268 (4th Floor‐Right), Road 19, New DOHS Mohakhali, Dhaka‐1206.",Dhaka,"Mohakhali, New DOHS",Dhaka -1206,"23.78411154951632, 90.39368432524321",gravity.asbd@gmail.com,"+88 01730096986, +88 01676057570", www.gravityarchitecturestudio.com,Available,Ar. Md. Nahid Hasan ,H‐186,Managing Partner,5,1,6
IAB-RP-H01,H I ARCHITECTS,,,Unavailable,2019,2019-2023,"101, R M Centre (Level‐3), CWN (C) 5, Gulshan Avenue, Gulshan, Dhaka‐121",Dhaka,Gulshan,Dhaka-121,"23.788934921424037, 90.41607874813918",md.hasan.imam23@gmail.com,+88 01714110471,,Unavailable,Ar. Mohammad Hasan Imam ,I‐037,Principal Architect,1,0,1
IAB-RP-I01,IDEA,,,Unavailable,2003,2003-2007,"JMC Plaza, Flat‐A‐6, House‐8/A/9, Road‐13(New), Dhanmondi, Dhaka‐1209",Dhaka,Dhanmondi,Dhaka-1209,"23.75357594753085, 90.37439360279146",idea@enstudio.org,+88‐02‐9144347,,Unavailable,Ar. Moushumi Ahmed ,A‐159,Managing Director,1,3,4
IAB-RP-I02,IMAGE ARCHITECTS,,,Unavailable,2010,2010-2014,"House‐10/GA, Road‐2, Shyamoli, Dhaka‐1207",Dhaka, Shyamoli,Dhaka‐1207,"23.771664493984375, 90.36605259052966",image_architects@yahoo.com,"+8801712573353, +8801681235750",,Unavailable,Ar. Md. Emdadul Habib ,H‐155,Principal Architect,2,3,5
IAB-RP-I03,INGRID ARCHITECTS,,,Unavailable,1996,1996-2000,"House#394(3rd floor), Road#29, DOHS Mohakhali , Dhaka 1206",Dhaka,Mohakhali,Dhaka-1206,"23.782895156343198, 90.39815516384097",ingrid_dhaka@yahoo.com,+88‐02‐9880507, ,Unavailable,Ar. Anwarul Islam Khan ,K‐083,Partner,3,7,10
IAB-RP-I04,ICON DESIGN STUDIO,,,Unavailable,2014,2014-2018,"Icon Elan, House‐29, Road‐7, 1st Floor, Dhanmondi, Dhaka‐1205",Dhaka,Dhanmondi,Dhaka-1205,"23.74424225747364, 90.38054466757161",suriti@icon‐bd.com,+8801819211608,,Unavailable,Ar. Suriti Tassannum ,T‐022,Principal Architect,2,0,2
IAB-RP-I05,INARCH STUDIO AND CONSTRUCTION LIMITED,4,4,Available,2010,2010-2014,"House‐140, 3rd Floor, Road‐04, New DOHS, Mohakhali, Dhaka‐1206",Dhaka,Mohakhali,Dhaka-1206,"23.786288701807734, 90.39738054899738",studio.inarch@gmail.com,+8801715005352,www.studioinarch.com.bd,Available,Ar. Mohammad Mamunur Rasheed ,R‐089,Managing Director & Principal Architect,2,1,3
IAB-RP-I06,INSIGHT ARCHITECTS,5,6,Available,2010,2010-2014,"House‐122, Road‐01, Mohammadi Housing Society, Mohammadpur, Dhaka‐1207",Dhaka,Mohammadpur,Dhaka-1207,"23.763118990783788, 90.35748614048173",insightarcdhaka@gmail.com,+8801711577032,www.facebook.com/insightarch,Available,Ar. Masud Ur Rashid ,R‐104,Principal Architect,6,1,7
IAB-RP-I07,IN QUEST DESIGN STUDIO,4.7,35,Available,2017,2017-2021,"House‐5/12, Ground Floor, Block‐D, Lalmatia, Dhaka‐1209",Dhaka,Lalmatia,Dhaka-1209,"23.756422403666953, 90.36737718465854",inquestbd@gmail.com,"02 58153033, +88 01713038759, +88 01717602792", www.inquestbd.com,Available,Ar. Selim Altaf Biplob ,B‐025,Sr. Partner,7,1,8
IAB-RP-I08,"INTEGRATED DESIGNERS, ENGINEERS AND ARCHITECTS LIMITED",,,Unavailable,2020,2020-2024,"Flat‐C5, Mother’s Dream Apartments, 1/2, 1/3 Darussalam, Dhaka‐1216",Dhaka,Darussalam,Dhaka‐1216,"23.78158715666644, 90.35223364694502",contact.ideal.consultants@gmail.com,+88 01912085801,,Unavailable,Ar. Syed Abdul Halim ,H‐233,Managing Director,3,0,3
IAB-RP-J01,J.A.ARCHITECTS LTD.,4.6,59,Available,2005,2005-2009,"Apt C1, 1st Floor, Rabbee House, CEN(B)11, Road 99,Gulshan 2, Dhaka‐1212",Dhaka,Gulshan-2,Dhaka-1212,"23.79448463305562, 90.41930051359705",mail@jaarchitects.com.bd,"+88‐02‐9889196, 9887311",www.jaarchitects.com.bd,Available,Ar. Afroza Ahmed ,A‐087,Chairperson,13,3,16
IAB-RP-J02,J.M. CONSULTANT,,,Unavailable,2009,2009-2013,"937, Flat‐G5, Eidgha Road, Ibrahimpur, Kafrul, Cantonment, Dhaka",Dhaka,Cantonment,,"23.794139095457897, 90.38411263464612","consultant.jm878@gmail.com, mrinmoyadhakary@yahoo.com","+8801712621792, +8801942909110",,Unavailable,Ar. Mrinmoy Adhikary ,A‐121,Sr. Architect,1,2,3
IAB-RP-K01,KHETRO,,,Unavailable,2007,2007-2011,"Flat ‐1, House‐431,Road‐30,New DOHS,Mohakhali, Dhaka‐1206",Dhaka,Mohakhali,Dhaka-1206,"23.7788344870423, 90.39445307085532",info@khetro.com,+88‐02‐8872212,www.khetro.com,Available,Ar. Al Numan Md. Yunus,Y‐008,Managing Partner,4,5,9
IAB-RP-K02,KHETTRA ARCHITECTS,5,1,Available,2005,2005-2009,"H#72,Ground Floor,R#8/A, Dhanmondi,Dhaka‐1209",Dhaka,Dhanmondi,Dhaka-1209,"23.747923788489793, 90.36920872708995",khettra@gmail.com,+88‐02‐ 8142871,www.khettraarchitects.com,Available,Ar. Mainul Quader Tito ,T‐006,CEO,1,6,7
IAB-RP-K03,K2AH+ ARCHITECTS,5,1,Available,2014,2014-2018,"House‐91, 1st Floor, Road‐9/A, Dhanmondi, Dhaka‐1209",Dhaka,Dhanmondi,Dhaka-1209,"23.747933608872597, 90.36920872708995",k2ah.architects@gmail.com,"+8801717183918, +8801717068255",https//www.facebook.com/K2AHArchitects,Available,Ar. Ahsanul Haque Rubel ,R‐153,"Managing Partner,",3,3,6
IAB-RP-K04,KHETTRA ARCHITECTS & ENGINEERS LIMITED,,,Unavailable,2000,2000-2004,"House‐337, Ground Floor, Road‐23, New DOHS, Mohakhali, Dhaka‐1206",Dhaka,Mohakhali,Dhaka-1206,"23.805503879774925, 90.35746794058512",khettra2000@gmail.com,+88‐02‐8835831,,Unavailable,Ar. A.K.M Lutful Kabir ,K‐065,Managing Director,4,2,6
IAB-RP-K05,KALPAK ARCHITECTS,,,Unavailable,2019,2019-2023,"13‐B, Rupsha Tower, 07, Kemal Ataturk Avenue, Banani, Dhaka",Dhaka,Banani,,"23.794148967409264, 90.40336139640809",kkalpon@gmail.com,+88 01711899081,,Unavailable,Ar. Kazi Touhidul Islam ,I‐041,"Partner,",2,0,2
IAB-RP-M01,MATRIX,,,Unavailable,2000,2000-2004,"House‐B‐181, (3rd Floor), Road‐23, New DOHS, Mohakhali, Dhaka‐1206",Dhaka,Mohakhali,Dhaka-1206,"23.782803431021428, 90.39740001425889",archmiraz@yahoo.com,+8801191557292,,Unavailable,Ar. Muhammed Miraz Ur Rahman ,R‐087,Principal Architect,1,7,8
IAB-RP-M02,MAATRIK ARCHITECTS,4.5,22,Available,2000,2000-2004,"137/A/1, Jahanara Garden, Green Road, Dhaka‐1205",Dhaka,Green Road,Dhaka-1205,"23.7703232046294, 90.37322626961233",maatrikmail@gmail.com,"+8801723563209, +8801673545909",www.maatrik.net,Available,Ar. Md. Aminul Islam ,I‐051,CEO,1,3,4
IAB-RP-M03,MW3 DESIGN + PARTNERS,5,1,Available,2014,2014-2018,"House‐24 (7th Floor), Road‐14, Block‐G, Niketon, Gulshan‐1, Dhaka‐1212",Dhaka,Gulshan-1,Dhaka-1212,"23.772917310070298, 90.40804398235255","mahtab@mw3.com.bd, mw3designpartners@gmail.com",+88‐02‐9840957,www.mw3.com.bd,Available,Ar. Mahtab Hussain Siddique ,S‐101,President & Principal Architect,10,0,10
IAB-RP-N01,NAYREET ARCHITECTS,4.4,9,Available,2007,2007-2011,"House‐14, Road‐13/C, Block‐E, Banani, Dhaka‐1213",Dhaka,Banani,Dhaka-1213,"23.792032973527167, 90.4073984405848",nayreet_architects@yahoo.com,"+88‐02‐7913394, 8957701",www.nayreetarchitects.com,Available,Ar. Shaila Joarder ,J‐013,Managing Partner,5,18,23
IAB-RP-N02,NOUVEAU ARCHITECTS,,,Unavailable,2009,2009-2013,"House‐F5, Ground Floor, Block‐E, Jakir Hossain Road, Mohammadpur, Dhaka‐1207",Dhaka,Mohammadpur,Dhaka-1207,"23.75828115701842, 90.36686194813412",razaoull@gmail.com,+8801912137212,,Unavailable,Ar. Mohammed Razaoull Karim ,K‐132,Proprietor,5,0,5
IAB-RP-N03,NAKSHABID ARCHITECTS,4.4,5,Available,2006,2006-2010,"8, Kemal Ataturk Avenue, ABC House (5th Floor), Banani C/A, Dhaka‐1213.",Dhaka,Banani,Dhaka-1213,"23.794145201240372, 90.40324656942023",nakshabid@gmail.com,"+88 01819221011, +88 02‐9845080", www.nakshabid.com,Available,Ar. Bayejid Mahbub Khondker ,K‐077,Principal Architect,0,0,0
IAB-RP-O01,OLI MAHMUD ARCHITECTS,5,12,Available,2008,2008-2012,"170‐171,Elephant Road (B‐1),Hatirpool ,Dhaka 1205",Dhaka,Hatirpool,Dhaka-1205,"23.74210423276342, 90.38505706757158",olimahmud@gmail.com,+88‐02‐9668945,www.olimahmud.com,Available,Ar. Oli Mahmud ,M‐059,Managing Director,4,3,7
IAB-RP-P01,PRACHEE STHAPATI,,,Unavailable,2008,2008-2012,"Room‐F‐5 (3rd Floor), 113 Lake Circus, Kalabagan, Dhaka‐1205",Dhaka,Kalabagan,Dhaka-1205,"23.747824288677585, 90.38162468106562",saumenhazra@yahoo.com,"+88‐02‐9112912, +8801713065657",www.pracheesthapati.com,Available,Ar. Saumen Hazra ,H‐109,Principal Architect,1,4,5
IAB-RP-P02,PROFILE LTD,4.7,73,Available,1996,1996-2000,"House 18, Road 6,Gulshan‐1 , Dhaka 1213.",Dhaka,Gulshan-1,Dhaka-1213,"23.777623332446193, 90.41311715223087","profileltd@gmail.com, info@profilelimited.com","+88‐02‐9854672‐5,8812145,8815034,8816538 Fax: 9855153‐4",www.profilelimited.com,Available,Ar. Md. Abdus Salam,S‐047,Managing Director,21,46,67
IAB-RP-P03,PROKALPA UPODESHTA LTD,3.8,4,Available,1984,1984-1988,"House 2/16 (5th & 6th Fl), Block B, Lalmatia, Dhaka‐1207.",Dhaka,Lalmatia,Dhaka-1207,"23.757524390058432, 90.37074963873653",info@pulbd.com,"+88‐02‐9117689, 9126909",www.pulbd.com,Available,Ar. Shahidul Hasan Azad ,H‐045,Managing Director,3,57,60
IAB-RP-P04,PRONAYON,4.5,12,Available,1990,1990-1994,"Comm.Court(3rd Floor), 95 Agrabad C/A, Chittagong",Chittagong,Agrabad,,"22.326533014335336, 91.81478520987113","pronayon@capcobd.com , shakoor_sohail@yahoo.com",031‐716066, www.pronayon.com,Available,Ar. Sohail M Shakoor ,S‐021,Principal Architect & CEO,7,23,30
IAB-RP-R01,REGIONAL ARCHITECTS,,,Unavailable,2013,2013-2017,"House 112, Road‐06, Mohakhali, New DOHS, Dhaka‐1206",Dhaka,Mohakhali,Dhaka-1206,"23.782834447293844, 90.39716604509242",regional_architects@yahoo.com,,,Unavailable,Ar. Jalal Uddin Md. Akbar ,A‐128,Partner,2,0,2
IAB-RP-R02,RIDDHI ARCHITECTS,,,Unavailable,2008,2008-2012,"8/44 Eastern Plaza (7th Floor), Sonargaon Road, Dhaka‐1205",Dhaka,Sonargaon Road,Dhaka-1205,"23.743974616784676, 90.39181369046103",riddhi.arch@gmail.com,+88‐02‐8626480, ,Unavailable,Ar. Abu Hena Md. Zia Uddin ,U‐005,Proprietor & Managing Partner,6,4,10
IAB-RP-R03,RIVNAT ARCHITECTS,,,Unavailable,2006,2006-2010,"56, Lake Circus, Kalabagan (2nd floor), West Panthapath, Dhaka‐1205",Dhaka,Kalabagan,Dhaka -1205,"23.752411544794757, 90.38064240580381",rivnat360@gmail.com,+88‐02‐9127032,,Unavailable,Ar. Shakhawat Tanvir Hossain ,H‐107,Principal Architect,1,2,3
IAB-RP-R04,RACHONA CONSULTANTS,,,Unavailable,1997,1997-2001,"House‐44 (2nd Floor), Road‐15, Block‐D, Banani, Dhaka‐1213",Dhaka,Banani,Dhaka-1213,"23.7923062152912, 90.40370921966952",rachona@gmail.com,"+88‐02‐9820896, +8801713017973",,Unavailable,Ar. Riad Rouf ,R‐061,Principal Architect,3,2,5
IAB-RP-R05,REINCARNATION,4.8,11,Available,2010,2010-2014,"Apt‐5, House‐3, Road‐7, Block‐C, Niketon, Gulshan‐1, Dhaka‐1212",Dhaka,Gulshan‐1,Dhaka-1212,"23.773074696549674, 90.41366579640763",reincarnationbd@yahoo.com,+88‐02‐9854352,www.reincarnation‐bd.com,Available,Ar. Khandoker Abdal Hossain ,H‐133,Principal Architect & Partner,6,5,11
IAB-RP-R06,ROOFLINERS_STUDIO OF ARCHITECTURE,4.9,39,Available,2012,2012-2016,"Flat‐C1, House‐277, Road‐01, Baitul Aman Housing Society, Adabor, Mohammadpur, Dhaka‐1207",Dhaka,Mohammadpur,Dhaka-1207,"23.761532143443905, 90.37122799640736","contact@roofliners.org, roofliners.bd@gmail.com","+8801706602332, +8801815007774",www.roofliners.org,Available,Ar. Sarawat Iqbal ,I‐091,Architect Partner,5,6,11
IAB-RP-R07,ROSEBUD CONSULTANTS LTD,5,3,Available,1995,1995-1999,"14, Bijoy Nagar, 3rd Floor, Dhaka‐1000",Dhaka,Bijoy Nagar,Dhaka - 1000,"23.736210538296987, 90.41153035407754",rosebudcon@gmail.com,"+88‐02‐9334169, +88‐02‐9354491",,Unavailable,Ar. A.K.M. Quamrul Hasan ,H‐071,Managing Director,1,0,1
IAB-RP-R08,River & Rain Ltd.,,,Unavailable,2015,2015-2019,"H‐100B, Road‐6A, Banani DOHS, Banani, Dhaka‐1206",Dhaka,Banani,,"23.89688336435603, 90.47210321484604",riverandraininfo@gmail.com,+88 01734017695 +88 01746506316, www.riverandrain.net,Available,Ar. Kazi Fida Islam ,I‐060,Principal Architect,0,0,0
IAB-RP-S01,SAIUJ CONSULTANTS,,,Unavailable,2001,2001-2005,"539, Baitul Aman Housing Society, Road‐12, P.S. Adabor, P.O.‐Mohammedpur, Dhaka‐1207",Dhaka,Adabor,Dhaka -1207,"23.7720680446453, 90.35653331410425",saiuj_con@yahoo.com,+88‐02‐8190746,,Unavailable,Ar.Mirza Shahper Jalil ,J‐019,Managing Director,4,6,10
IAB-RP-S02,SCENIC,,,Unavailable,2008,2008-2012,"Fattah Plaza (8th Floor), 70 Green road, Dhaka‐1205",Dhaka,Green Road,Dhaka -1205,"23.75088548290392, 90.38725731174851",scenicbd@gmail.com,+88‐02‐9677467,,Unavailable,Ar. Mohammad Fazlul Quader ,Q‐004,CEO,2,3,5
IAB-RP-S03,SHANGBIT,,,Unavailable,2010,2010-2014,"House‐60/A, Road‐7/A, Dhanmondi, Dhaka",Dhaka,Dhanmondi,,"23.745740933740446, 90.37627435407775",shangbit.architects@gmail.com,,,Unavailable,Ar. Abu Sayem Mohammad Rahmatullah ,R‐083,Partner,2,1,3
IAB-RP-S03,SHELTER ARCHITECTS AND ENGINEERS LIMITED,,,Unavailable,1996,1996-2000,"5, Outer Circular Road, Z.R. Tower (2nd floor), Rajarbag, Dhaka‐1217",Dhaka,Rajarbag,Dhaka-1217,"23.74318737440891, 90.41647085101647",shelterarchitect32@yahoo.com,"+88‐02‐9358428, 8333384",,Unavailable,Ar. Mukhtar Ahmed ,A‐023,Managing Director,6,12,18
IAB-RP-S04,SILT,4.4,37,Available,2011,2011-2015,"House‐204/A, Road‐09, New DOHS, Mohakhali, Dhaka‐1206",Dhaka,Mohakhali,Dhaka-1206,"23.796396680243877, 90.39958190990205","silt.bd@gmail.com, silt@silt.com.bd",+88‐02‐9892062,www.silt.com.bd,Available,Ar.Razib Hassan Chowdhury ,C‐004,Principal Architect,1,2,3
IAB-RP-S05,SPACE SCAPE,,,Unavailable,1996,1996-2000,"H‐78,Road 11, Sector 13,Uttara ,Dhaka 1230",Dhaka,Uttara,Dhaka-1230,"23.872771452455588, 90.38580691175122",arch_pintoo@yahoo.com,+88‐02‐8918765,,Unavailable,Ar. Rafiul Alam ,A‐047,Chief Executive,1,2,3
IAB-RP-S06,SRISHTI SHAILEE,5,2,Available,2008,2008-2012,"House‐297B, Road‐19B, New DOHS, Mohakhali, Dhaka‐1206",Dhaka,Mohakhali,Dhaka-1206,"23.777542893264112, 90.40899176016491",srishtishailee@yahoo.com,"+88‐02‐8711883, 8711884",,Unavailable,Ar. Mobin Uddin Mohammed Helaly ,H‐134,Partner Architect,2,8,10
IAB-RP-S07,SRISTI UPADESHTA,,,Unavailable,1995,1995-1999,"3/3, North Road, (4th Floor), Dhanmondi‐1205",Dhaka,Dhanmondi,Dhaka-1205,"23.74589113161671, 90.37423116152192",saiful.hafiz@gmail.com,,,Unavailable,Ar. Saiful Hafiz ,H‐055,Principal Architect,2,3,5
IAB-RP-S08,STUDIO XI ARCHITECTS,4.7,6,Available,2003,2003-2007,"211/1,Elephant Road, Dhaka‐1205",Dhaka,Elephant Road,Dhaka-1205,"23.739957366521924, 90.38974444058373",studio_xi_architects@yahoo.com,"+88‐02‐8813992, 9889360",,Unavailable,Ar. Ashik Vaskor Mannan ,M‐070,Managing Partner,2,3,5
IAB-RP-S09,STUDIO ECOTECTURE LIMITED,3,5,Available,2011,2011-2015,"1st Floor, H‐57/D, Road‐15A (New), 26 (old), Dhanmondi Res. Area, Dhaka‐1205.",Dhaka,Dhanmondi,Dhaka-1205,"23.750855062781152, 90.38779742709004",info@studioecotecture.com,+88‐02‐8191422,www.studioecotecture.com,Available,Ar. S. M. Hasan Kabir ,K‐030,Managing Director,4,6,10
IAB-RP-S10,STUDIO HDA,,,,2013,2013-2017,"14/C,(Gr Floor), Road ‐02,Block‐ L, Banani , Dhaka.",Dhaka,Banani,,"23.78327819325573, 90.39975777206966",studiohda@gmail.com,+88‐02‐9888123,,Unavailable,Ar. Mohammad Maksumul Hoque ,H‐150,Chief Architect,1,5,6
IAB-RP-S11,STYLE LIVING ARCHITECTS LTD,4.3,33,Available,2004,2004-2008,"Ramna Trade Center (8th Floor), 36/7 CDA Avenue, Muradpur, Chittagong",Chittagong,Muradpur,,"22.368361754107596, 91.82888465404879",chairman@stylelivingbd.com,"8801714050222,+8801713441449",www.stylelivingbd.com,Available,Ar. Md. Mizanur Rahman ,R‐097,Chairman,3,9,12
IAB-RP-S12,SYMBIOTIC ARCHITECTS & ASSOCIATES,,,Unavailable,2011,2011-2015,"Ground Floor, House‐78, Road‐18, Sector‐11, Uttara, Dhaka‐1230",Dhaka,Uttara,Dhaka-1230,"23.947358461559816, 90.39055577778983",Symbiotic.aa@live.com,+88‐02‐8991817,,Unavailable,Ar.Abul Bashar Md. Shamsuzzaman ,S‐027,Managing Partner,4,6,10
IAB-RP-S13,SYNTHESIS ARCHITECTS,4.7,22,Available,1999,1999-2003,"House‐30, Block‐KA, Pisci Culture H/S, Shamoly, Dhaka‐1207",Dhaka,Shyamoli,Dhaka-1207,"23.786096951487377, 90.40236278106646","synthesisarchitectsbd@gmail.com, synthesis_arch@yahoo.com","+88‐02‐9124105,9124638,8141642",,Unavailable,Ar. Patrick D’Rozario ,R‐135,Partner,12,14,26
IAB-RP-S14,S & ASSOCIATES,,,Unavailable,2009,2009-2013,"44/7‐A,B, 1st Floor, Suite‐03, West Panthapoth, Dhaka",Dhaka,Panthapoth,,"23.751969361251952, 90.38565280990103",sabd5200@gmail.com,+8801730303421,,Unavailable,Ar. Md. Raisul Rafi Shaon ,S‐089,CEO & Sr. Architect,2,1,3
IAB-RP-S15,SHATOTTO ARCHITECTURE FOR GREEN LIVING,4.4,14,Available,1995,1995-1999,"House‐1/11, 2nd Floor, Iqbal Road, Mohammadpur, Dhaka‐1209",Dhaka,Mohammadpur,Dhaka-1209,"23.804191949948418, 90.42186583873755",shatotto@gmail.com,"+88‐02‐8119702, +8801711641175",www.shatottogreen.com,Available,Ar. Md. Rafiq Azam ,A‐055,Principal Architect,9,5,14
IAB-RP-S16,"SPACE ARCHITECTS, ENGINEERS, PLANNERS",5,3,Available,2011,2011-2015,"House#407 (5‐A), Road#29, New DOHS, Mohakhali, Dhaka 1206",Dhaka,Mohakhali,Dhaka-1206,"23.783416218223156, 90.40737435903158",fawad_hyder@yahoo.com info@spacearcht.com,"+88‐02‐9840245, +8801979873387",www.spacearcht.com,Available,Ar. D.S. Fawad Hyder ,H‐056,Proprietor,2,3,5
IAB-RP-S17,STHAPOTIK,5,2,Available,2006,2006-2010,"House‐8/2, 1st Floor, Block‐D, Lalmatia, Dhaka",Dhaka,Lalmatia,,"23.75520963430728, 90.36909809640724",sthapotik_arch@yahoo.com,+8801713039777,www.sthapotik.com,Available,Ar. Sharif Uddin Ahammed ,A‐137,Proprietor,5,2,7
IAB-RP-S18,STUDIO DHAKA ARCHITECTS,5,2,Available,2017,2017-2021,"44, Rabindra Sharani Road, Sector‐7, Uttara Model Town, Dhaka‐1230",Dhaka,Uttara,Dhaka-1230,"23.877298456362848, 90.39341622248106",studio.dhaka.architects@gmail.com,+8801534355957,www.studiodhakaarchitects.com,Available,Ar. Tarek Md. Saidul Islam ,I‐081,Principal Architect,2,1,3
IAB-RP-S19,STUDIO DHAKA LIMITED.,4.5,75,Available,2016,2016-2020,"House‐91/1, Road‐11/A, Dhanmondi R/A, Dhaka‐1205",Dhaka,Dhanmondi,Dhaka-1205,"23.750004523834484, 90.37456918291316",studiodhakaltd@gmail.com,+8801711335635,www.studiodhaka.com,Available,Ar. Muhammad Moniruzzaman ,M‐086,Managing Director,4,7,11
IAB-RP-S20,SYSTEM ARCHITECTS,4.4,59,Available,2001,2001-2005,"House‐31, [Celeste], Unit‐A2, Road‐20, Block‐K, Banani, Dhaka‐1213",Dhaka,Banani,Dhaka-1213,"23.79703657908296, 90.40790089825566",nirjhar@systemarchitectsbd.com,"+88‐02‐9843303, +88‐02‐9842193",www.systemarchitectsbd.com,Available,Ar. Enamul Karim ,K‐058,Principal Architect & CEO,4,9,13
IAB-RP-S21,SILVERBRICKS,4.4,8,Available,2008,2008-2012,"3rd Floor, IEB Bhaban, S.S Khaled Road, Chattogram",Chittagong,khaled Road,,"22.346916295673374, 91.82074521171909",info@silverbricksbd.com,+88‐01714084433, ,Unvailable,Ar. Mohammad Asaduzzaman Chowdhury ,C‐040,Managing Partner,3,4,7
IAB-RP-S22,STUDIO MORPHOGENESIS LTD.,5,2,Available,2014,2014-2018,"Suite‐2D, House‐11, Road‐14, Gulshan‐1, Dhaka‐1212",Dhaka,Gulshan-1,Dhaka-1212,"23.755708292707475, 90.36691105592541",design@studiomorphogenesis.com,+88 01723819678 +88 02 9858862, www.studiomorphogenesis.com,Available,Ar. Shahla Karim Kabir ,K‐050,,0,0,0
IAB-RP-T01,THE DESIGNERS,4.9,18,Available,2001,2001-2005,"House‐431, Road‐30, DOHS, Mohakhali, Dhaka‐1206",Dhaka,Mohakhali,Dhaka-1206,"23.750997255257, 90.37998071630992",malikshaheen@yahoo.com,+88‐02‐9850798,,Unavailable,Ar. Shaheen Malik ,M‐009,CEO,1,4,5
IAB-RP-T02,TRIANGLE CONSULTANTS,,,Unavailable,1993,1993-1997,"House 120(B),Road#1,Block#F, Banani , Dhaka‐1213",Dhaka,Banani,Dhaka-1213,"23.774191749041165, 90.39538444562511",shakoormajid@yahoo.com,+88‐02‐8812109‐10,,Unavailable,Ar. Shakoor Majid ,M‐031,CEO,2,5,7
IAB-RP-T03,TANYA KARIM N.R. KHAN & ASSOCIATES,4.5,23,Available,1993,1993-1997,"Laboni‐2, Flat‐B1 & C1, House‐24, Road‐9/A, Dhanmond R/A, Dhaka‐1209",Dhaka,Dhanmondi,Dhaka-1209,"23.747051008271544, 90.37516598291312",mail@tknrk.com,"+88‐02‐58156547, +88‐02‐9142487",www.tknrk.com,Available,Ar. Nurur Rahman Khan ,K‐049,Architect Partner,14,12,26
IAB-RP-T04,TARIQUE HASAN & ASSOCIATES LTD.,4.7,22,Available,2013,2013-2017,"House‐31, Road‐06, Block‐C, Banani, Dhaka‐1213",Dhaka,Banani,Dhaka-1213,"23.79300387139958, 90.40276265407874",tarique.37@gmail.com,"+88‐02‐9896337, +88‐02‐9882504",www.thalbd.com,Available,Ar. Tarique Hasan ,H‐097,Managing Director,5,0,5
IAB-RP-T05,TRIOTECT & ASSOCIATES LTD.,4.8,16,Available,2018,2018-2022,"25/2, Rani Garh (2nd Floor), Lake Circus, Kalabagan, Dhaka‐1205",Dhaka,Kalabagan,Dhaka-1205,"23.751963440678168, 90.38302082524251",info@triotect.com.bd,"+8801777768366, +8801777768367",www.triotect.com.bd,Available,Ar. Md. Tareq Abdullah ,A‐236,Director,5,2,7
IAB-RP-U01,UNITED CONSULTANT,4.3,7,Available,2003,2003-2007,"House‐211, (2nd & 3rd), Lane‐13, Lake Road, New DOHS, Mohakhali, Dhaka‐1206",Dhaka,Mohakhali,Dhaka-1206,"23.78817552250228, 90.39665216599127",mail.awpl@yahoo.com,"+88‐02‐9849303, +88‐02‐9849317",,Unavailable,Ar. Md. Maruf Hossain Khan ,K‐073,Principal Architect,3,9,12
IAB-RP-U02,URBANA,4.7,26,Available,1996,1996-2000,"House‐56, Road‐5/A, Dhanmondi, Dhaka‐1209",Dhaka,Dhanmondi,Dhaka-1209,"23.747822187815686, 90.3769111832458",urbana.communications@gmail.com,"+88‐02‐9671500, +88‐02‐9671515",,Unavailable,Ar. Mahboob‐E‐Sobhan Chowdhury ,C‐025,Principal Architect,6,4,10
IAB-RP-V01,VASTUVITA ARCHITECTS,3.8,4,Available,2005,2005-2009,"Amelia, SuiteA6, House‐71, Road‐17, Sector‐11, Uttara, Dhaka‐1230",Dhaka,Uttara,Dhaka-1230,"23.74625091580144, 90.37673952187997",vita_arc@yahoo.com,+88‐01678016706, ,Unvailable,Ar. Amit Kumar Saha ,S‐077,Partner,3,2,5
IAB-RP-V02,VENNA ARCHITECTS,4.6,12,Available,2002,2002-2006,"Level‐05, A K Complex, 19‐Green Road, Dhaka‐1205",Dhaka,Green Road,Dhaka -1205,"23.87617222459929, 90.3862093540806","architects.venna@gmail.com, architect.asif@gmail.com",+88‐02‐ 8625835,,Unavailable,Ar.Asif Mohammed Ahsanul Haq ,H‐117,Managing Partner,3,6,9
IAB-RP-V03,VISTAARA ARCHITECTS PVT. LTD,4.7,121,Available,1998,1998-2002,"Delvistaa Ruparup, Apt‐D1 & B1, SE(H)6, Road‐143, Gulshan Model Town, Gulshan, Dhaka‐1212.",Dhaka,Gulshan,Dhaka-1212,"23.743770613468232, 90.38457856757161",info@delvistaa.com,"+88‐02‐55044873, +88‐02‐55044874, +88‐02‐55044875",,Unavailable,Ar. Shahzia Islam ,I‐023,Director,15,4,19
IAB-RP-V04,VOLUMEZERO LIMITED,4.6,260,Available,2008,2008-2012,"House‐135, Road‐04, Block‐A, Banani , Dhaka 1213.",Dhaka,Banani,Dhaka-1213,"23.798513026661222, 90.40242341174961",foyez@volumezeroltd.com,"+88‐02‐55035669, +88‐02‐55035670, +88‐02‐55035671",www.volumezeroltd.com,Available,Ar. Mohammad Foyez Ullah ,U‐008,Managing Director,23,4,27
IAB-RP-V05,VUU‐MAATRA CONSULTANTS,4.8,9,Available,2008,2008-2012,"House ‐22, Road ‐12, Block‐F, Niketon Socoety, Gulshan‐1, Dhaka 1206.",Dhaka,Gulshan-1,Dhaka-1206,"23.763940081506593, 90.44617943873666","info@vuumaatra.com, ziaul.sharif@gmail.com","+88‐02‐58812326, +8801796585535",www.vuumaatra.com,Available,Ar. Mohammed Ziaul Sharif ,S‐094,Chief Architect,3,1,4
IAB-RP-V06,VISTA ARCHITECTURAL CONSULTANT,4.7,7,Available,1995,1995-1999,"House‐67/2/KA, Flat‐E/2, Zigatola, Dhaka‐1209",Dhaka,Zigatola,Dhaka-1209,"23.752405539609132, 90.36814103873648","dsarif14@yahoo.com, dsarifoffice@gmail.com",+88‐01971566019, ,Unavailable,Ar. Dewan Shamsul Arif ,A‐079,Proprietor & Principal Architect,5,0,5
IAB-RP-V07,VITTI STHAPATI BRINDO LTD,4.4,158,Available,1991,1991-1995,"27/A, Level‐6&7, Shangshad Avenue, Dhaka‐1215",Dhaka,Shangshad Avenue,Dhaka - 1215,"23.76096760272116, 90.38385430990127",vittibd@gmail.com,+88 01912888015 +88 02‐8143471, www.vitti.com.bd,Available,Ar. Md. Ishtiaque Zahir ,Z‐011,Director,0,0,0
IAB-RP-W01,4 WALLS INSIDE OUTSIDE,4.7,50,Available,2003,2003-2007,"House‐246, Road‐19, New DOHS, Mohakhali, Dhaka‐1206",Dhaka,Mohakhali,Dhaka-1206,"23.78461999582455, 90.39368036942003",wahidasif@gmaii.com,+88 01711433431 +88 02‐9890003, www.4wallsbd.com,Available,Ar. M. Wahid Asif ,A‐117,Principal Architect,0,0,0